{
  "price_sum": 1474554158,
  "price_min": 10106,
  "price_max": 499555,
  "price_avg": 257384.21330075056,
  "price_stdev": 141820.1945847405
}