{"Cranberry": {"average_price": 52.17453968253968, "max_price": 99.73, "min_price": 5.41}, "Banana": {"average_price": 54.02723021582734, "max_price": 99.9, "min_price": 5.28}, "Blueberry": {"average_price": 50.142, "max_price": 99.94, "min_price": 5.36}, "Melon": {"average_price": 53.82167224080268, "max_price": 99.83, "min_price": 5.62}, "Raspberry": {"average_price": 54.22886153846154, "max_price": 100.0, "min_price": 5.27}, "Pineapple": {"average_price": 53.02642405063291, "max_price": 99.93, "min_price": 5.14}, "Apple": {"average_price": 51.5738, "max_price": 99.68, "min_price": 5.25}, "Guava": {"average_price": 50.867196261682246, "max_price": 99.99, "min_price": 5.34}, "Mango": {"average_price": 50.77912121212121, "max_price": 99.85, "min_price": 5.05}, "Plum": {"average_price": 52.17868421052631, "max_price": 100.0, "min_price": 5.17}, "Orange": {"average_price": 53.051818181818184, "max_price": 99.94, "min_price": 5.66}, "Grapes": {"average_price": 52.23891986062718, "max_price": 99.96, "min_price": 5.08}, "Cherry": {"average_price": 52.97026666666667, "max_price": 99.92, "min_price": 5.0}, "Kiwifruit": {"average_price": 52.76078431372549, "max_price": 99.63, "min_price": 5.16}, "Apricot": {"average_price": 55.9434693877551, "max_price": 99.89, "min_price": 5.66}, "Boysenberry": {"average_price": 52.568, "max_price": 100.0, "min_price": 5.12}, "Papaya": {"average_price": 54.490273037542664, "max_price": 99.95, "min_price": 5.34}, "Strawberry": {"average_price": 53.65741818181818, "max_price": 99.91, "min_price": 5.13}, "Blackberry": {"average_price": 51.73156549520767, "max_price": 99.73, "min_price": 5.4}, "Peach": {"average_price": 50.940173010380626, "max_price": 99.7, "min_price": 5.02}}