{"sum": 288937, "avr": 546.194706994329, "sumMD": 10593, "avrMD": 460.5652173913044, "sumSD": 12128, "avrSD": 527.304347826087, "max": 998, "min": 102}