{
  "views_sum": 51171359,
  "views_min": 110,
  "views_max": 99917,
  "views_avg": 51222.58158158158,
  "views_stdev": 29637.830664441168
}