{
  "distance_sum": 2536850387.140002,
  "distance_min": 33295.01,
  "distance_max": 9993215.94,
  "distance_avg": 5073700.77428,
  "distance_stdev": 2882409.610676854
}