{"Price": {"Max": 29999, "Min": 2000, "Mean": 15989.76832, "Sum": 2398465248, "StdDev": 8087.8815928108625}, "QuantityInStock": {"Max": 49, "Min": 10, "Mean": 29.533053333333335, "Sum": 4429958, "StdDev": 11.529260469321901}, "WeightInGrams": {"Max": 9999, "Min": 1000, "Mean": 5507.3174266666665, "Sum": 826097614, "StdDev": 2593.832328577666}, "LengthInCentimeters": {"Max": 499, "Min": 50, "Mean": 274.0493333333333, "Sum": 41107400, "StdDev": 129.65741608764947}, "WidthInCentimeters": {"Max": 14999, "Min": 4000, "Mean": 9499.907966666668, "Sum": 1424986195, "StdDev": 3178.825586150318}, "UnitsSold": {"Max": 499, "Min": 5, "Mean": 252.42814, "Sum": 37864221, "StdDev": 143.13394949600084}}