{
  "price_sum": 1580279706,
  "price_min": 100042,
  "price_max": 999636,
  "price_avg": 559193.101910828,
  "price_stdev": 260779.85478576596
}